{"trip_id": "32f9774208b22a4218be425b9b875ae6d963609f3d1ed257dc930ce4d8c0b736", "time_gap": [0.0, 10.0, 15.0, 20.0, 20.0, 30.0, 40.0, 50.0, 62.0, 72.0, 82.0, 92.0, 102.0, 112.0, 122.0, 132.0, 142.0, 152.0, 162.0, 172.0, 182.0, 192.0, 202.0, 212.0, 222.0, 232.0, 242.0, 252.0, 262.0, 272.0, 282.0, 292.0, 302.0, 312.0, 322.0, 332.0, 347.0, 357.0], "dist": 0.2834701949196694, "trip_time": 357.0, "driverID": "28f5735c047a026382b423706ddb5088f1314230fea926b8f487b6bafed93125", "weekID": 1, "timeID": 1231.0, "dateID": 29, "dist_gap": [0, 0.0, 0.0, 0.0, 0.0, 0.0, 0.0, 0.0, 0.0, 0.0, 0.0, 0.09449006497322313, 0.09449006497322313, 0.09449006497322313, 0.09449006497322313, 0.09449006497322313, 0.09449006497322313, 0.09449006497322313, 0.09449006497322313, 0.18898012994644625, 0.18898012994644625, 0.18898012994644625, 0.18898012994644625, 0.18898012994644625, 0.18898012994644625, 0.18898012994644625, 0.18898012994644625, 0.18898012994644625, 0.18898012994644625, 0.18898012994644625, 0.18898012994644625, 0.18898012994644625, 0.18898012994644625, 0.2834701949196694, 0.2834701949196694, 0.2834701949196694, 0.2834701949196694, 0.2834701949196694], "lats": [32.003, 32.003, 32.003, 32.003, 32.003, 32.003, 32.003, 32.003, 32.003, 32.003, 32.003, 32.003, 32.003, 32.003, 32.003, 32.003, 32.003, 32.003, 32.003, 32.003, 32.003, 32.003, 32.003, 32.003, 32.003, 32.003, 32.003, 32.003, 32.003, 32.003, 32.003, 32.003, 32.003, 32.003, 32.003, 32.003, 32.003, 32.003], "lngs": [35.94, 35.94, 35.94, 35.94, 35.94, 35.94, 35.94, 35.94, 35.94, 35.94, 35.94, 35.939, 35.939, 35.939, 35.939, 35.939, 35.939, 35.939, 35.939, 35.94, 35.94, 35.94, 35.94, 35.94, 35.94, 35.94, 35.94, 35.94, 35.94, 35.94, 35.94, 35.94, 35.94, 35.939, 35.939, 35.939, 35.939, 35.939], "time_offset": 0.0, "segmentID": 1, "two_hour_segment": "20:00 - 22:00", "hour": "20:00 - 21:00", "start_cluster": 308.0, "end_cluster": -1.0, "start_cluster_dbscan": 308.0, "end_cluster_dbscan": -1.0, "same_cluster_dbscan": false, "start_cluster_sting": 684.0, "end_cluster_sting": -1.0, "same_cluster_sting": false, "start_cluster_clique": 467.0, "end_cluster_clique": -1.0, "same_cluster_clique": false, "start_cluster_hierarchical": 1816.0, "end_cluster_hierarchical": 626.0, "same_cluster_hierarchical": false, "unique_trip": "32f9774208b22a4218be425b9b875ae6d963609f3d1ed257dc930ce4d8c0b736_1"}
