{"trip_id": "69a2240c5ed69c8a32174cd4ecbec66ab99776c58f7e11d75869de109b49cbd9", "time_gap": [0.0, 11.0, 16.0, 22.0, 36.0, 44.0, 54.0, 64.0, 74.0, 94.0, 104.0, 119.0, 129.0, 139.0, 149.0, 154.0, 167.0, 177.0, 187.0, 197.0, 207.0, 217.0, 227.0, 237.0, 272.0, 282.0, 292.0, 302.0, 312.0, 322.0, 332.0, 343.0, 353.0, 363.0], "dist": 0.2834701949196694, "trip_time": 363.0, "driverID": "6d203402f931f451ce428670629ee1998d45d0b27138d36b5f84877ee18bd711", "weekID": 3, "timeID": 1279.0, "dateID": 24, "dist_gap": [0, 0.09449006497322313, 0.09449006497322313, 0.09449006497322313, 0.18898012994644625, 0.18898012994644625, 0.18898012994644625, 0.18898012994644625, 0.18898012994644625, 0.18898012994644625, 0.18898012994644625, 0.18898012994644625, 0.18898012994644625, 0.18898012994644625, 0.18898012994644625, 0.18898012994644625, 0.18898012994644625, 0.18898012994644625, 0.18898012994644625, 0.18898012994644625, 0.18898012994644625, 0.18898012994644625, 0.18898012994644625, 0.18898012994644625, 0.18898012994644625, 0.18898012994644625, 0.18898012994644625, 0.18898012994644625, 0.18898012994644625, 0.18898012994644625, 0.18898012994644625, 0.18898012994644625, 0.18898012994644625, 0.2834701949196694], "lats": [32.003, 32.003, 32.003, 32.003, 32.003, 32.003, 32.003, 32.003, 32.003, 32.003, 32.003, 32.003, 32.003, 32.003, 32.003, 32.003, 32.003, 32.003, 32.003, 32.003, 32.003, 32.003, 32.003, 32.003, 32.003, 32.003, 32.003, 32.003, 32.003, 32.003, 32.003, 32.003, 32.003, 32.003], "lngs": [35.94, 35.939, 35.939, 35.939, 35.94, 35.94, 35.94, 35.94, 35.94, 35.94, 35.94, 35.94, 35.94, 35.94, 35.94, 35.94, 35.94, 35.94, 35.94, 35.94, 35.94, 35.94, 35.94, 35.94, 35.94, 35.94, 35.94, 35.94, 35.94, 35.94, 35.94, 35.94, 35.94, 35.939], "time_offset": 0.0, "segmentID": 1, "two_hour_segment": "20:00 - 22:00", "hour": "21:00 - 22:00", "start_cluster": 308.0, "end_cluster": -1.0, "start_cluster_dbscan": 308.0, "end_cluster_dbscan": -1.0, "same_cluster_dbscan": false, "start_cluster_sting": 684.0, "end_cluster_sting": -1.0, "same_cluster_sting": false, "start_cluster_clique": 467.0, "end_cluster_clique": -1.0, "same_cluster_clique": false, "start_cluster_hierarchical": 1816.0, "end_cluster_hierarchical": 626.0, "same_cluster_hierarchical": false, "unique_trip": "69a2240c5ed69c8a32174cd4ecbec66ab99776c58f7e11d75869de109b49cbd9_1"}
