{"trip_id": "349e6f16f415e4810d2da90cbc37100d666b1c8c35ca6abe79f9232fb97c024f", "time_gap": [0.0, 0.0, 19.0, 30.0, 40.0, 50.0, 61.0, 71.0, 91.0, 100.0, 111.0, 120.0, 146.0, 156.0, 166.0, 176.0, 196.0, 206.0, 215.0, 224.0, 235.0, 246.0, 258.0], "dist": 0.2834701949196694, "trip_time": 258.0, "driverID": "fe640438a34ecb5d1e36c6016855a0189fb77b84343fe69ce9e1e7961448ce93", "weekID": 3, "timeID": 1239.0, "dateID": 24, "dist_gap": [0, 0.0, 0.0, 0.0, 0.0, 0.0, 0.0, 0.09449006497322313, 0.09449006497322313, 0.09449006497322313, 0.09449006497322313, 0.09449006497322313, 0.09449006497322313, 0.09449006497322313, 0.09449006497322313, 0.09449006497322313, 0.09449006497322313, 0.09449006497322313, 0.09449006497322313, 0.09449006497322313, 0.18898012994644625, 0.18898012994644625, 0.2834701949196694], "lats": [32.003, 32.003, 32.003, 32.003, 32.003, 32.003, 32.003, 32.003, 32.003, 32.003, 32.003, 32.003, 32.003, 32.003, 32.003, 32.003, 32.003, 32.003, 32.003, 32.003, 32.003, 32.003, 32.003], "lngs": [35.94, 35.94, 35.94, 35.94, 35.94, 35.94, 35.94, 35.939, 35.939, 35.939, 35.939, 35.939, 35.939, 35.939, 35.939, 35.939, 35.939, 35.939, 35.939, 35.939, 35.94, 35.94, 35.939], "time_offset": 0.0, "segmentID": 1, "two_hour_segment": "20:00 - 22:00", "hour": "20:00 - 21:00", "start_cluster": 308.0, "end_cluster": -1.0, "start_cluster_dbscan": 308.0, "end_cluster_dbscan": -1.0, "same_cluster_dbscan": false, "start_cluster_sting": 684.0, "end_cluster_sting": -1.0, "same_cluster_sting": false, "start_cluster_clique": 467.0, "end_cluster_clique": -1.0, "same_cluster_clique": false, "start_cluster_hierarchical": 1816.0, "end_cluster_hierarchical": 626.0, "same_cluster_hierarchical": false, "unique_trip": "349e6f16f415e4810d2da90cbc37100d666b1c8c35ca6abe79f9232fb97c024f_1"}
