{"trip_id": "dcb756d1921722c249d52097649bc76f4506c78d842e6a7c1a2e274bf6c89539", "time_gap": [0.0, 6.0, 6.0, 17.0, 27.0, 37.0, 47.0, 62.0, 72.0, 78.0, 90.0, 100.0, 110.0, 120.0, 139.0, 149.0, 159.0, 171.0, 182.0, 191.0, 210.0, 225.0, 235.0, 246.0, 256.0, 261.0, 276.0, 286.0, 296.0, 306.0, 315.0, 326.0, 336.0, 346.0], "dist": 0.4724503248661156, "trip_time": 346.0, "driverID": "26f936217087ff765313b6944b12beedf1939a8a85fc70b5aac117b9116153bc", "weekID": 3, "timeID": 1252.0, "dateID": 24, "dist_gap": [0, 0.09449006497322313, 0.09449006497322313, 0.18898012994644625, 0.18898012994644625, 0.2834701949196694, 0.2834701949196694, 0.2834701949196694, 0.2834701949196694, 0.2834701949196694, 0.3779602598928925, 0.3779602598928925, 0.3779602598928925, 0.3779602598928925, 0.3779602598928925, 0.3779602598928925, 0.3779602598928925, 0.3779602598928925, 0.3779602598928925, 0.3779602598928925, 0.3779602598928925, 0.3779602598928925, 0.3779602598928925, 0.4724503248661156, 0.4724503248661156, 0.4724503248661156, 0.4724503248661156, 0.4724503248661156, 0.4724503248661156, 0.4724503248661156, 0.4724503248661156, 0.4724503248661156, 0.4724503248661156, 0.4724503248661156], "lats": [32.003, 32.003, 32.003, 32.003, 32.003, 32.003, 32.003, 32.003, 32.003, 32.003, 32.003, 32.003, 32.003, 32.003, 32.003, 32.003, 32.003, 32.003, 32.003, 32.003, 32.003, 32.003, 32.003, 32.003, 32.003, 32.003, 32.003, 32.003, 32.003, 32.003, 32.003, 32.003, 32.003, 32.003], "lngs": [35.94, 35.939, 35.939, 35.94, 35.94, 35.939, 35.939, 35.939, 35.939, 35.939, 35.94, 35.94, 35.94, 35.94, 35.94, 35.94, 35.94, 35.94, 35.94, 35.94, 35.94, 35.94, 35.94, 35.939, 35.939, 35.939, 35.939, 35.939, 35.939, 35.939, 35.939, 35.939, 35.939, 35.939], "time_offset": 0.0, "segmentID": 1, "two_hour_segment": "20:00 - 22:00", "hour": "20:00 - 21:00", "start_cluster": 308.0, "end_cluster": -1.0, "start_cluster_dbscan": 308.0, "end_cluster_dbscan": -1.0, "same_cluster_dbscan": false, "start_cluster_sting": 684.0, "end_cluster_sting": -1.0, "same_cluster_sting": false, "start_cluster_clique": 467.0, "end_cluster_clique": -1.0, "same_cluster_clique": false, "start_cluster_hierarchical": 1816.0, "end_cluster_hierarchical": 626.0, "same_cluster_hierarchical": false, "unique_trip": "dcb756d1921722c249d52097649bc76f4506c78d842e6a7c1a2e274bf6c89539_1"}
