{"trip_id": "bcecd960005865184f506f1069b4a07cc2a25a59168410aa224a355d04fa3fe7", "time_gap": [0.0, 8.0, 14.0, 19.0, 24.0, 24.0, 35.0], "dist": 0.09449006497322313, "trip_time": 35.0, "driverID": "7bbe428e4c3404ae6522b5a23a30efaa8e4737e3a4f3dc64a4dc2ab0fff184ef", "weekID": 2, "timeID": 1286.0, "dateID": 30, "dist_gap": [0, 0.0, 0.09449006497322313, 0.09449006497322313, 0.09449006497322313, 0.09449006497322313, 0.09449006497322313], "lats": [32.003, 32.003, 32.003, 32.003, 32.003, 32.003, 32.003], "lngs": [35.94, 35.94, 35.939, 35.939, 35.939, 35.939, 35.939], "time_offset": 0.0, "segmentID": 1, "two_hour_segment": "20:00 - 22:00", "hour": "21:00 - 22:00", "start_cluster": 308.0, "end_cluster": -1.0, "start_cluster_dbscan": 308.0, "end_cluster_dbscan": -1.0, "same_cluster_dbscan": false, "start_cluster_sting": 684.0, "end_cluster_sting": -1.0, "same_cluster_sting": false, "start_cluster_clique": 467.0, "end_cluster_clique": -1.0, "same_cluster_clique": false, "start_cluster_hierarchical": 1816.0, "end_cluster_hierarchical": 626.0, "same_cluster_hierarchical": false, "unique_trip": "bcecd960005865184f506f1069b4a07cc2a25a59168410aa224a355d04fa3fe7_1"}
