{"trip_id": "0cb1178858833d241d485af4a7ec2dd4a814328282ba50c7a11656e130700470", "time_gap": [0.0, 5.0, 10.0, 16.0, 30.0, 40.0, 50.0, 60.0, 70.0, 80.0, 90.0, 100.0, 110.0, 120.0, 130.0, 140.0, 160.0, 170.0, 180.0, 190.0, 200.0, 210.0, 220.0, 230.0, 240.0, 270.0, 290.0, 300.0, 311.0, 320.0, 330.0, 341.0, 351.0, 361.0, 376.0], "dist": 0.09449006497322313, "trip_time": 376.0, "driverID": "a160e889f4e904a273d0d274c235788e00ee6ab25cef4abb2551ad1974e2e5c3", "weekID": 1, "timeID": 1224.0, "dateID": 29, "dist_gap": [0, 0.0, 0.0, 0.0, 0.09449006497322313, 0.09449006497322313, 0.09449006497322313, 0.09449006497322313, 0.09449006497322313, 0.09449006497322313, 0.09449006497322313, 0.09449006497322313, 0.09449006497322313, 0.09449006497322313, 0.09449006497322313, 0.09449006497322313, 0.09449006497322313, 0.09449006497322313, 0.09449006497322313, 0.09449006497322313, 0.09449006497322313, 0.09449006497322313, 0.09449006497322313, 0.09449006497322313, 0.09449006497322313, 0.09449006497322313, 0.09449006497322313, 0.09449006497322313, 0.09449006497322313, 0.09449006497322313, 0.09449006497322313, 0.09449006497322313, 0.09449006497322313, 0.09449006497322313, 0.09449006497322313], "lats": [32.003, 32.003, 32.003, 32.003, 32.003, 32.003, 32.003, 32.003, 32.003, 32.003, 32.003, 32.003, 32.003, 32.003, 32.003, 32.003, 32.003, 32.003, 32.003, 32.003, 32.003, 32.003, 32.003, 32.003, 32.003, 32.003, 32.003, 32.003, 32.003, 32.003, 32.003, 32.003, 32.003, 32.003, 32.003], "lngs": [35.94, 35.94, 35.94, 35.94, 35.939, 35.939, 35.939, 35.939, 35.939, 35.939, 35.939, 35.939, 35.939, 35.939, 35.939, 35.939, 35.939, 35.939, 35.939, 35.939, 35.939, 35.939, 35.939, 35.939, 35.939, 35.939, 35.939, 35.939, 35.939, 35.939, 35.939, 35.939, 35.939, 35.939, 35.939], "time_offset": 0.0, "segmentID": 1, "two_hour_segment": "20:00 - 22:00", "hour": "20:00 - 21:00", "start_cluster": 308.0, "end_cluster": -1.0, "start_cluster_dbscan": 308.0, "end_cluster_dbscan": -1.0, "same_cluster_dbscan": false, "start_cluster_sting": 684.0, "end_cluster_sting": -1.0, "same_cluster_sting": false, "start_cluster_clique": 467.0, "end_cluster_clique": -1.0, "same_cluster_clique": false, "start_cluster_hierarchical": 1816.0, "end_cluster_hierarchical": 626.0, "same_cluster_hierarchical": false, "unique_trip": "0cb1178858833d241d485af4a7ec2dd4a814328282ba50c7a11656e130700470_1"}
