{"trip_id": "b1616c71d520722bd2ed8f2871a89642cbc90a58c75ad3a67463d7a0384701bc", "time_gap": [0.0, 0.0, 14.0, 23.0, 32.0, 41.0, 55.0, 65.0, 73.0], "dist": 0.09449006497322313, "trip_time": 73.0, "driverID": "6e63ba7e7803847dcd0dfc9ac0d80a6114a2d32326acc19950ff8f3ae48747ae", "weekID": 4, "timeID": 1238.0, "dateID": 25, "dist_gap": [0, 0.0, 0.0, 0.0, 0.0, 0.0, 0.0, 0.09449006497322313, 0.09449006497322313], "lats": [32.003, 32.003, 32.003, 32.003, 32.003, 32.003, 32.003, 32.003, 32.003], "lngs": [35.94, 35.94, 35.94, 35.94, 35.94, 35.94, 35.94, 35.939, 35.939], "time_offset": 0.0, "segmentID": 1, "two_hour_segment": "20:00 - 22:00", "hour": "20:00 - 21:00", "start_cluster": 308.0, "end_cluster": -1.0, "start_cluster_dbscan": 308.0, "end_cluster_dbscan": -1.0, "same_cluster_dbscan": false, "start_cluster_sting": 684.0, "end_cluster_sting": -1.0, "same_cluster_sting": false, "start_cluster_clique": 467.0, "end_cluster_clique": -1.0, "same_cluster_clique": false, "start_cluster_hierarchical": 1816.0, "end_cluster_hierarchical": 626.0, "same_cluster_hierarchical": false, "unique_trip": "b1616c71d520722bd2ed8f2871a89642cbc90a58c75ad3a67463d7a0384701bc_1"}
