{"trip_id": "4823c8f4e83bf9b91fc57df040cea983d56477b92ce7ccd1fee2a54e13faed3f", "time_gap": [0.0, 0.0, 15.0, 27.0, 35.0, 45.0, 57.0, 77.0, 87.0, 98.0, 113.0, 123.0, 133.0, 154.0, 164.0], "dist": 0.09449006497322313, "trip_time": 164.0, "driverID": "a160e889f4e904a273d0d274c235788e00ee6ab25cef4abb2551ad1974e2e5c3", "weekID": 6, "timeID": 1304.0, "dateID": 27, "dist_gap": [0, 0.0, 0.0, 0.0, 0.0, 0.0, 0.0, 0.0, 0.0, 0.0, 0.0, 0.0, 0.0, 0.09449006497322313, 0.09449006497322313], "lats": [32.003, 32.003, 32.003, 32.003, 32.003, 32.003, 32.003, 32.003, 32.003, 32.003, 32.003, 32.003, 32.003, 32.003, 32.003], "lngs": [35.94, 35.94, 35.94, 35.94, 35.94, 35.94, 35.94, 35.94, 35.94, 35.94, 35.94, 35.94, 35.94, 35.939, 35.939], "time_offset": 0.0, "segmentID": 1, "two_hour_segment": "20:00 - 22:00", "hour": "21:00 - 22:00", "start_cluster": 308.0, "end_cluster": -1.0, "start_cluster_dbscan": 308.0, "end_cluster_dbscan": -1.0, "same_cluster_dbscan": false, "start_cluster_sting": 684.0, "end_cluster_sting": -1.0, "same_cluster_sting": false, "start_cluster_clique": 467.0, "end_cluster_clique": -1.0, "same_cluster_clique": false, "start_cluster_hierarchical": 1816.0, "end_cluster_hierarchical": 626.0, "same_cluster_hierarchical": false, "unique_trip": "4823c8f4e83bf9b91fc57df040cea983d56477b92ce7ccd1fee2a54e13faed3f_1"}
