{"trip_id": "9fa018e02909195a386e8366e0252eaed1cd4387d4865f0f15d0e74f6f6953e4", "time_gap": [0.0, 5.0, 10.0, 20.0, 30.0, 40.0, 55.0, 65.0, 85.0, 95.0, 105.0, 115.0, 125.0, 135.0, 145.0, 155.0, 165.0, 175.0, 195.0, 205.0, 215.0], "dist": 0.4724503248661156, "trip_time": 215.0, "driverID": "2449f2f8289c93bcda8db698f9b318c7a65c8dcd2dbc9fd2ac388118cd596d02", "weekID": 2, "timeID": 1221.0, "dateID": 30, "dist_gap": [0, 0.0, 0.0, 0.0, 0.09449006497322313, 0.18898012994644625, 0.2834701949196694, 0.2834701949196694, 0.2834701949196694, 0.2834701949196694, 0.2834701949196694, 0.2834701949196694, 0.2834701949196694, 0.2834701949196694, 0.2834701949196694, 0.2834701949196694, 0.2834701949196694, 0.3779602598928925, 0.3779602598928925, 0.4724503248661156, 0.4724503248661156], "lats": [32.003, 32.003, 32.003, 32.003, 32.003, 32.003, 32.003, 32.003, 32.003, 32.003, 32.003, 32.003, 32.003, 32.003, 32.003, 32.003, 32.003, 32.003, 32.003, 32.003, 32.003], "lngs": [35.94, 35.94, 35.94, 35.94, 35.939, 35.94, 35.939, 35.939, 35.939, 35.939, 35.939, 35.939, 35.939, 35.939, 35.939, 35.939, 35.939, 35.94, 35.94, 35.939, 35.939], "time_offset": 0.0, "segmentID": 1, "two_hour_segment": "20:00 - 22:00", "hour": "20:00 - 21:00", "start_cluster": 308.0, "end_cluster": -1.0, "start_cluster_dbscan": 308.0, "end_cluster_dbscan": -1.0, "same_cluster_dbscan": false, "start_cluster_sting": 684.0, "end_cluster_sting": -1.0, "same_cluster_sting": false, "start_cluster_clique": 467.0, "end_cluster_clique": -1.0, "same_cluster_clique": false, "start_cluster_hierarchical": 1816.0, "end_cluster_hierarchical": 626.0, "same_cluster_hierarchical": false, "unique_trip": "9fa018e02909195a386e8366e0252eaed1cd4387d4865f0f15d0e74f6f6953e4_1"}
