{"trip_id": "c0caa99f01b7dfa701e9f198d1cdf2f3b3e0999f36c91acb02b4b36ff52d3e2f", "time_gap": [0.0, 5.0, 15.0, 20.0, 35.0, 55.0, 75.0, 115.0, 125.0, 145.0, 165.0, 175.0, 185.0], "dist": 0.2565720571098885, "trip_time": 185.0, "driverID": "3b7d3d8a05e95c650ab0c795061254aaa5e98eb5f5d9b882aeaa7b4c2c03720b", "weekID": 4, "timeID": 1262.0, "dateID": 25, "dist_gap": [0, 0.0, 0.0, 0.0, 0.0, 0.0, 0.0, 0.0, 0.0, 0.0, 0.0, 0.11088687066638744, 0.2565720571098885], "lats": [32.003, 32.003, 32.003, 32.003, 32.003, 32.003, 32.003, 32.003, 32.003, 32.003, 32.003, 32.004, 32.003], "lngs": [35.94, 35.94, 35.94, 35.94, 35.94, 35.94, 35.94, 35.94, 35.94, 35.94, 35.94, 35.94, 35.939], "time_offset": 0.0, "segmentID": 1, "two_hour_segment": "20:00 - 22:00", "hour": "21:00 - 22:00", "start_cluster": 308.0, "end_cluster": -1.0, "start_cluster_dbscan": 308.0, "end_cluster_dbscan": -1.0, "same_cluster_dbscan": false, "start_cluster_sting": 684.0, "end_cluster_sting": -1.0, "same_cluster_sting": false, "start_cluster_clique": 467.0, "end_cluster_clique": -1.0, "same_cluster_clique": false, "start_cluster_hierarchical": 1816.0, "end_cluster_hierarchical": 626.0, "same_cluster_hierarchical": false, "unique_trip": "c0caa99f01b7dfa701e9f198d1cdf2f3b3e0999f36c91acb02b4b36ff52d3e2f_1"}
