{"trip_id": "ec7d3fc8124ba15dc70a95c237152bb091ca694c319ae31a6351c99b195e7e60", "time_gap": [0.0, 5.0, 5.0, 15.0, 25.0, 35.0, 45.0, 55.0, 65.0, 110.0, 120.0, 130.0, 140.0, 150.0, 160.0, 170.0, 180.0, 190.0, 200.0, 210.0, 220.0, 230.0, 250.0, 260.0, 270.0, 280.0, 290.0, 300.0, 310.0, 320.0, 330.0, 340.0, 350.0, 370.0, 380.0, 395.0, 414.0, 425.0, 435.0, 445.0, 464.0, 475.0, 485.0, 495.0], "dist": 0.09449006497322313, "trip_time": 495.0, "driverID": "fe640438a34ecb5d1e36c6016855a0189fb77b84343fe69ce9e1e7961448ce93", "weekID": 2, "timeID": 1229.0, "dateID": 30, "dist_gap": [0, 0.0, 0.0, 0.0, 0.0, 0.0, 0.0, 0.0, 0.0, 0.0, 0.0, 0.0, 0.0, 0.0, 0.0, 0.0, 0.0, 0.0, 0.0, 0.0, 0.0, 0.0, 0.0, 0.0, 0.0, 0.0, 0.0, 0.0, 0.0, 0.0, 0.0, 0.0, 0.0, 0.0, 0.0, 0.0, 0.0, 0.0, 0.0, 0.0, 0.0, 0.0, 0.09449006497322313, 0.09449006497322313], "lats": [32.003, 32.003, 32.003, 32.003, 32.003, 32.003, 32.003, 32.003, 32.003, 32.003, 32.003, 32.003, 32.003, 32.003, 32.003, 32.003, 32.003, 32.003, 32.003, 32.003, 32.003, 32.003, 32.003, 32.003, 32.003, 32.003, 32.003, 32.003, 32.003, 32.003, 32.003, 32.003, 32.003, 32.003, 32.003, 32.003, 32.003, 32.003, 32.003, 32.003, 32.003, 32.003, 32.003, 32.003], "lngs": [35.94, 35.94, 35.94, 35.94, 35.94, 35.94, 35.94, 35.94, 35.94, 35.94, 35.94, 35.94, 35.94, 35.94, 35.94, 35.94, 35.94, 35.94, 35.94, 35.94, 35.94, 35.94, 35.94, 35.94, 35.94, 35.94, 35.94, 35.94, 35.94, 35.94, 35.94, 35.94, 35.94, 35.94, 35.94, 35.94, 35.94, 35.94, 35.94, 35.94, 35.94, 35.94, 35.939, 35.939], "time_offset": 0.0, "segmentID": 1, "two_hour_segment": "20:00 - 22:00", "hour": "20:00 - 21:00", "start_cluster": 308.0, "end_cluster": -1.0, "start_cluster_dbscan": 308.0, "end_cluster_dbscan": -1.0, "same_cluster_dbscan": false, "start_cluster_sting": 684.0, "end_cluster_sting": -1.0, "same_cluster_sting": false, "start_cluster_clique": 467.0, "end_cluster_clique": -1.0, "same_cluster_clique": false, "start_cluster_hierarchical": 1816.0, "end_cluster_hierarchical": 626.0, "same_cluster_hierarchical": false, "unique_trip": "ec7d3fc8124ba15dc70a95c237152bb091ca694c319ae31a6351c99b195e7e60_1"}
