{"trip_id": "000c3d26955e90c6218695a72ae4c3255580319a1cb8ac045bf733379c9e2bdd", "time_gap": [0.0, 5.0, 10.0, 15.0, 20.0, 25.0, 30.0, 35.0, 40.0, 45.0, 50.0, 55.0, 60.0, 65.0, 70.0, 75.0, 85.0, 90.0, 95.0, 100.0, 105.0, 110.0, 110.0, 120.0, 130.0, 140.0, 150.0, 160.0, 170.0, 180.0, 190.0, 205.0, 215.0, 225.0, 235.0, 245.0, 255.0, 264.0, 292.0, 301.0, 315.0, 324.0], "dist": 1.551033152129019, "trip_time": 324.0, "driverID": "17ccda7c4c72184de4734b8d75ced8a1baf9d382caa359b401903aca2d4d3597", "weekID": 6, "timeID": 797, "dateID": 27, "dist_gap": [0, 0.0, 0.0, 0.0, 0.09454028774134127, 0.09454028774134127, 0.09454028774134127, 0.24025740121379477, 0.3347966646922706, 0.3347966646922706, 0.4456826781739923, 0.4456826781739923, 0.5565686741696201, 0.5565686741696201, 0.5565686741696201, 0.667454652679965, 0.667454652679965, 0.7619969888605737, 0.8565393250411824, 0.9674252860656376, 0.9674252860656376, 0.9674252860656376, 0.9674252860656376, 0.9674252860656376, 1.0783112296060728, 1.0783112296060728, 1.172855614110662, 1.172855614110662, 1.172855614110662, 1.172855614110662, 1.172855614110662, 1.172855614110662, 1.172855614110662, 1.172855614110662, 1.172855614110662, 1.172855614110662, 1.2673999986152513, 1.2673999986152513, 1.3619443831198406, 1.3619443831198406, 1.4564887676244298, 1.551033152129019], "lats": [31.954, 31.954, 31.954, 31.954, 31.954, 31.954, 31.954, 31.955, 31.955, 31.955, 31.954, 31.954, 31.953, 31.953, 31.953, 31.952, 31.952, 31.952, 31.952, 31.951, 31.951, 31.951, 31.951, 31.951, 31.95, 31.95, 31.95, 31.95, 31.95, 31.95, 31.95, 31.95, 31.95, 31.95, 31.95, 31.95, 31.95, 31.95, 31.95, 31.95, 31.95, 31.95], "lngs": [35.875, 35.875, 35.875, 35.875, 35.874, 35.874, 35.874, 35.873, 35.872, 35.872, 35.872, 35.872, 35.872, 35.872, 35.872, 35.872, 35.872, 35.873, 35.872, 35.872, 35.872, 35.872, 35.872, 35.872, 35.872, 35.872, 35.873, 35.873, 35.873, 35.873, 35.873, 35.873, 35.873, 35.873, 35.873, 35.873, 35.872, 35.872, 35.873, 35.873, 35.872, 35.873], "segmentID": 1}
{"trip_id": "000c3d26955e90c6218695a72ae4c3255580319a1cb8ac045bf733379c9e2bdd", "time_gap": [0.0, 5.0, 10.0, 15.0, 20.0, 24.0, 29.0, 34.0, 39.0, 44.0, 49.0, 54.0, 64.0, 69.0, 74.0, 79.0, 84.0, 89.0, 94.0, 99.0, 104.0, 109.0, 114.0, 119.0, 124.0, 129.0, 134.0, 139.0, 144.0, 149.0, 154.0, 159.0, 164.0, 169.0, 174.0, 184.0, 189.0, 194.0, 199.0, 204.0, 209.0, 224.0, 239.0, 259.0, 264.0, 269.0, 274.0, 279.0, 284.0, 289.0, 294.0, 299.0, 304.0, 309.0, 314.0, 319.0, 324.0, 329.0, 334.0, 339.0, 344.0, 349.0, 354.0, 359.0, 364.0, 369.0, 379.0, 384.0, 389.0, 394.0, 399.0, 404.0, 409.0, 414.0, 419.0, 424.0, 429.0, 434.0, 439.0, 444.0, 449.0, 454.0, 459.0, 464.0, 469.0, 474.0, 479.0, 484.0, 489.0, 494.0, 499.0, 504.0, 509.0, 514.0, 519.0, 524.0, 529.0, 534.0, 539.0, 544.0, 549.0, 559.0, 564.0, 569.0, 574.0, 579.0, 584.0, 589.0, 594.0, 599.0, 604.0, 609.0, 614.0, 619.0, 624.0, 629.0, 634.0, 639.0, 644.0, 654.0, 659.0, 664.0, 669.0, 674.0, 684.0, 689.0, 699.0, 704.0, 709.0, 714.0, 719.0, 724.0, 733.0, 747.0, 762.0, 766.0, 772.0, 777.0, 782.0, 787.0, 797.0, 802.0, 807.0, 812.0, 817.0, 822.0, 827.0, 842.0, 847.0, 851.0, 860.0, 865.0, 870.0, 875.0, 880.0, 885.0, 890.0, 895.0, 900.0, 905.0, 910.0, 915.0, 920.0, 930.0, 935.0, 940.0, 945.0, 950.0, 955.0, 960.0, 970.0, 975.0, 980.0, 985.0, 990.0], "dist": 6.799087115067364, "trip_time": 990.0, "driverID": "17ccda7c4c72184de4734b8d75ced8a1baf9d382caa359b401903aca2d4d3597", "weekID": 6, "timeID": 797, "dateID": 27, "dist_gap": [0.0, 0.09454438450458924, 0.09454438450458924, 0.09454438450458924, 0.09454438450458924, 0.09454438450458924, 0.09454438450458924, 0.09454438450458924, 0.24026475392328872, 0.24026475392328872, 0.24026475392328872, 0.24026475392328872, 0.24026475392328872, 0.3348101625466351, 0.3348101625466351, 0.44569607111686005, 0.44569607111686005, 0.5565819622040766, 0.5565819622040766, 0.5565819622040766, 0.5565819622040766, 0.5565819622040766, 0.5565819622040766, 0.5565819622040766, 0.5565819622040766, 0.5565819622040766, 0.5565819622040766, 0.5565819622040766, 0.5565819622040766, 0.5565819622040766, 0.5565819622040766, 0.5565819622040766, 0.5565819622040766, 0.5565819622040766, 0.5565819622040766, 0.651129418979141, 0.651129418979141, 0.7456768757535335, 0.7456768757535335, 0.8565627493553698, 0.9511112301620506, 1.1402081917740874, 1.2347566725807682, 1.5184021149934968, 1.5184021149934968, 1.6129505958008494, 1.7074990766075302, 1.802047557414211, 1.802047557414211, 1.9477705313356057, 1.9477705313356057, 2.0423200361457514, 2.136869540955897, 2.136869540955897, 2.231419045766714, 2.3259685505768593, 2.3259685505768593, 2.4205180553870056, 2.4205180553870056, 2.5150675601978234, 2.5150675601978234, 2.5150675601978234, 2.609617065007969, 2.609617065007969, 2.720502921126293, 2.8150514019329735, 2.9607737247497923, 3.0716596158370084, 3.0716596158370084, 3.1825455244072334, 3.1825455244072334, 3.2934314504612754, 3.2934314504612754, 3.40431739400171, 3.49886075435872, 3.6097467153831753, 3.6097467153831753, 3.7206326938935206, 3.8151740058695776, 3.8151740058695776, 3.9260600018652054, 3.9260600018652054, 3.9260600018652054, 4.071777115336953, 4.071777115336953, 4.182663146304869, 4.328378957298461, 4.328378957298461, 4.439265023240483, 4.533801213758111, 4.644687297186279, 4.644687297186279, 4.755573398103168, 4.901286603968841, 4.901286603968841, 5.012172739861357, 5.012172739861357, 5.012172739861357, 5.1230588932414864, 5.217589961579516, 5.328476132449125, 5.328476132449125, 5.439362320807612, 5.439362320807612, 5.439362320807612, 5.439362320807612, 5.439362320807612, 5.533891340072339, 5.533891340072339, 5.533891340072339, 5.533891340072339, 5.533891340072339, 5.533891340072339, 5.644777545920507, 5.644777545920507, 5.644777545920507, 5.739305540605358, 5.739305540605358, 5.739305540605358, 5.850191763942254, 5.850191763942254, 5.850191763942254, 5.850191763942254, 5.850191763942254, 5.850191763942254, 5.850191763942254, 5.850191763942254, 5.850191763942254, 5.850191763942254, 5.850191763942254, 5.850191763942254, 5.850191763942254, 5.850191763942254, 5.850191763942254, 5.850191763942254, 5.850191763942254, 5.850191763942254, 5.850191763942254, 5.850191763942254, 5.850191763942254, 5.850191763942254, 5.850191763942254, 5.850191763942254, 5.850191763942254, 5.850191763942254, 5.850191763942254, 5.850191763942254, 5.850191763942254, 5.850191763942254, 5.850191763942254, 5.850191763942254, 5.850191763942254, 5.850191763942254, 5.850191763942254, 5.850191763942254, 5.850191763942254, 5.850191763942254, 5.850191763942254, 5.850191763942254, 5.96107798727915, 5.96107798727915, 6.055605981964001, 6.055605981964001, 6.166492205300897, 6.166492205300897, 6.277378446128387, 6.277378446128387, 6.37190439156703, 6.37190439156703, 6.48279064988345, 6.59367692569208, 6.59367692569208, 6.688200821769248, 6.799087115067364, 6.799087115067364],